status,lcoh_usd_per_kg,lcoh_dzd_per_kg,solar_capacity_kw,wind_capacity_kw,electrolyzer_capacity_kw,battery_capacity_kwh,h2_storage_capacity_kg,solar_generation_kwh,wind_generation_kwh,grid_import_kwh,h2_produced_kg,electrolyzer_utilization_pct,cost_solar,cost_wind,cost_electrolyzer,cost_h2_storage,cost_battery,cost_grid,total_cost_usd,solar_full_load_hours,wind_cf_mean,pct_renewable,cell_id,lat,lon
optimal,3.8129,512.83,-0.0,8.89,6.28,-0.0,-0.0,0.0,24280.7,30719.3,1000.0,100.0,-0.0,1112.02,645.31,-0.0,-0.0,2055.57,3812.9,0.0,0.125,44.15,19.5_-5.5,19.5,-5.5
optimal,3.813,512.85,-0.0,8.79,6.28,-0.0,-0.0,0.0,24085.5,30914.5,1000.0,100.0,-0.0,1099.08,645.31,-0.0,-0.0,2068.63,3813.02,0.0,0.1236,43.79,19.5_-4.5,19.5,-4.5
optimal,3.7783,508.18,-0.0,8.68,6.28,-0.0,-0.0,0.0,24393.19,30606.81,1000.0,100.0,-0.0,1084.97,645.31,-0.0,-0.0,2048.04,3778.33,0.0,0.1248,44.35,19.5_-3.5,19.5,-3.5
optimal,3.7422,503.33,-0.0,8.52,6.28,-0.0,-0.0,0.0,24644.98,30355.02,1000.0,100.0,-0.0,1065.71,645.31,-0.0,-0.0,2031.19,3742.21,0.0,0.124,44.81,19.5_-2.5,19.5,-2.5
optimal,3.7514,504.56,-0.0,8.4,6.28,-0.0,-0.0,0.0,24285.91,30714.09,1000.0,100.0,-0.0,1050.84,645.31,-0.0,-0.0,2055.22,3751.37,0.0,0.1228,44.16,19.5_-1.5,19.5,-1.5
optimal,3.744,503.56,-0.0,9.22,6.28,-0.0,-0.0,0.0,25927.74,29072.26,1000.0,100.0,-0.0,1153.29,645.31,-0.0,-0.0,1945.36,3743.96,0.0,0.1224,47.14,19.5_-0.5,19.5,-0.5
optimal,3.8818,522.1,-0.0,9.1,6.28,-0.0,-0.0,0.0,23630.9,31369.1,1000.0,100.0,-0.0,1137.4,645.31,-0.0,-0.0,2099.05,3881.76,0.0,0.1235,42.97,19.5_0.5,19.5,0.5
optimal,3.9391,529.81,-0.0,8.74,6.28,-0.0,-0.0,0.0,22103.21,32896.79,1000.0,100.0,-0.0,1092.51,645.31,-0.0,-0.0,2201.27,3939.09,0.0,0.1316,40.19,19.5_3.5,19.5,3.5
optimal,3.8191,513.67,-0.0,8.1,6.28,-0.0,-0.0,0.0,22709.79,32290.21,1000.0,100.0,-0.0,1013.09,645.31,-0.0,-0.0,2160.68,3819.08,0.0,0.1319,41.29,19.5_4.5,19.5,4.5
optimal,3.7587,505.55,-0.0,7.64,6.28,-0.0,-0.0,0.0,22747.43,32252.57,1000.0,100.0,-0.0,955.22,645.31,-0.0,-0.0,2158.16,3758.7,0.0,0.1307,41.36,19.5_5.5,19.5,5.5
optimal,3.8107,512.54,-0.0,9.09,6.28,-0.0,-0.0,0.0,24680.47,30319.53,1000.0,100.0,-0.0,1136.56,645.31,-0.0,-0.0,2028.82,3810.69,0.0,0.1256,44.87,20.5_-6.5,20.5,-6.5
optimal,3.8854,522.58,-0.0,8.69,6.28,-0.0,-0.0,0.0,22817.69,32182.31,1000.0,100.0,-0.0,1086.6,645.31,-0.0,-0.0,2153.46,3885.37,0.0,0.1249,41.49,20.5_-5.5,20.5,-5.5
optimal,3.8057,511.87,-0.0,8.76,6.28,-0.0,-0.0,0.0,24138.31,30861.69,1000.0,100.0,-0.0,1095.29,645.31,-0.0,-0.0,2065.09,3805.7,0.0,0.1232,43.89,20.5_-4.5,20.5,-4.5
optimal,3.6705,493.68,-0.0,8.79,6.28,-0.0,-0.0,0.0,26210.36,28789.64,1000.0,100.0,-0.0,1098.69,645.31,-0.0,-0.0,1926.44,3670.45,0.0,0.1234,47.66,20.5_-3.5,20.5,-3.5
optimal,3.6269,487.81,-0.0,8.76,6.28,-0.0,-0.0,0.0,26817.98,28182.02,1000.0,100.0,-0.0,1095.76,645.31,-0.0,-0.0,1885.79,3626.85,0.0,0.1234,48.76,20.5_-2.5,20.5,-2.5
optimal,3.7082,498.75,-0.0,8.82,6.28,-0.0,-0.0,0.0,25706.47,29293.53,1000.0,100.0,-0.0,1102.71,645.31,-0.0,-0.0,1960.16,3708.19,0.0,0.1231,46.74,20.5_-1.5,20.5,-1.5
optimal,3.7517,504.6,-0.0,9.06,6.28,-0.0,-0.0,0.0,25501.65,29498.35,1000.0,100.0,-0.0,1132.47,645.31,-0.0,-0.0,1973.87,3751.65,0.0,0.1226,46.37,20.5_-0.5,20.5,-0.5
optimal,3.8049,511.76,-0.0,9.49,6.28,-0.0,-0.0,0.0,25513.13,29486.87,1000.0,100.0,-0.0,1186.47,645.31,-0.0,-0.0,1973.1,3804.88,0.0,0.1242,46.39,20.5_0.5,20.5,0.5
optimal,3.8192,513.68,-0.0,9.62,6.28,-0.0,-0.0,0.0,25552.78,29447.22,1000.0,100.0,-0.0,1203.39,645.31,-0.0,-0.0,1970.45,3819.15,0.0,0.126,46.46,20.5_1.5,20.5,1.5
optimal,3.8829,522.26,-0.0,9.26,6.28,-0.0,-0.0,0.0,23912.59,31087.41,1000.0,100.0,-0.0,1157.44,645.31,-0.0,-0.0,2080.2,3882.95,0.0,0.1281,43.48,20.5_2.5,20.5,2.5
optimal,3.8115,512.64,-0.0,9.04,6.28,-0.0,-0.0,0.0,24584.12,30415.88,1000.0,100.0,-0.0,1130.88,645.31,-0.0,-0.0,2035.26,3811.46,0.0,0.133,44.7,20.5_3.5,20.5,3.5
optimal,3.9613,532.79,-0.0,8.63,6.28,-0.0,-0.0,0.0,21568.31,33431.69,1000.0,100.0,-0.0,1078.89,645.31,-0.0,-0.0,2237.07,3961.27,0.0,0.1335,39.22,20.5_4.5,20.5,4.5
optimal,3.7104,499.05,-0.0,8.72,6.28,-0.0,-0.0,0.0,25479.71,29520.29,1000.0,100.0,-0.0,1089.79,645.31,-0.0,-0.0,1975.34,3710.43,0.0,0.1313,46.33,20.5_5.5,20.5,5.5
optimal,3.698,497.39,-0.0,8.8,6.28,-0.0,-0.0,0.0,25824.2,29175.8,1000.0,100.0,-0.0,1100.45,645.31,-0.0,-0.0,1952.28,3698.05,0.0,0.1294,46.95,20.5_6.5,20.5,6.5
optimal,3.7734,507.52,-0.0,8.79,6.28,-0.0,-0.0,0.0,24671.44,30328.56,1000.0,100.0,-0.0,1098.63,645.31,-0.0,-0.0,2029.42,3773.36,0.0,0.1253,44.86,21.5_-6.5,21.5,-6.5
optimal,3.7827,508.77,-0.0,9.01,6.28,-0.0,-0.0,0.0,24952.93,30047.07,1000.0,100.0,-0.0,1126.81,645.31,-0.0,-0.0,2010.58,3782.71,0.0,0.123,45.37,21.5_-5.5,21.5,-5.5
optimal,3.6031,484.62,-0.0,9.28,6.28,-0.0,-0.0,0.0,28131.51,26868.49,1000.0,100.0,-0.0,1159.91,645.31,-0.0,-0.0,1797.89,3603.11,0.0,0.1222,51.15,21.5_-4.5,21.5,-4.5
optimal,3.6572,491.89,-0.0,9.36,6.28,-0.0,-0.0,0.0,27479.48,27520.52,1000.0,100.0,-0.0,1170.34,645.31,-0.0,-0.0,1841.52,3657.18,0.0,0.1229,49.96,21.5_-3.5,21.5,-3.5
optimal,3.6926,496.66,-0.0,9.28,6.28,-0.0,-0.0,0.0,26800.72,28199.28,1000.0,100.0,-0.0,1160.36,645.31,-0.0,-0.0,1886.94,3692.62,0.0,0.123,48.73,21.5_-2.5,21.5,-2.5
optimal,3.7903,509.8,-0.0,8.78,6.28,-0.0,-0.0,0.0,24412.5,30587.5,1000.0,100.0,-0.0,1098.28,645.31,-0.0,-0.0,2046.75,3790.34,0.0,0.1227,44.39,21.5_-1.5,21.5,-1.5
optimal,3.8991,524.43,-0.0,8.73,6.28,-0.0,-0.0,0.0,22682.27,32317.73,1000.0,100.0,-0.0,1091.26,645.31,-0.0,-0.0,2162.52,3899.1,0.0,0.1249,41.24,21.5_-0.5,21.5,-0.5
optimal,3.9825,535.65,-0.0,8.62,6.28,-0.0,-0.0,0.0,21232.79,33767.21,1000.0,100.0,-0.0,1077.69,645.31,-0.0,-0.0,2259.52,3982.52,0.0,0.1253,38.61,21.5_0.5,21.5,0.5
optimal,3.9999,537.98,-0.0,8.23,6.28,-0.0,-0.0,0.0,20243.54,34756.46,1000.0,100.0,-0.0,1028.85,645.31,-0.0,-0.0,2325.71,3999.88,0.0,0.1273,36.81,21.5_1.5,21.5,1.5
optimal,4.0646,546.69,-0.0,7.73,6.28,-0.0,-0.0,0.0,18339.08,36660.92,1000.0,100.0,-0.0,966.16,645.31,-0.0,-0.0,2453.15,4064.62,0.0,0.1275,33.34,21.5_2.5,21.5,2.5
optimal,4.0776,548.44,-0.0,7.73,6.28,-0.0,-0.0,0.0,18150.37,36849.63,1000.0,100.0,-0.0,966.54,645.31,-0.0,-0.0,2465.77,4077.62,0.0,0.132,33.0,21.5_3.5,21.5,3.5
optimal,3.8051,511.79,-0.0,8.29,6.28,-0.0,-0.0,0.0,23267.97,31732.03,1000.0,100.0,-0.0,1036.47,645.31,-0.0,-0.0,2123.33,3805.12,0.0,0.1339,42.31,21.5_4.5,21.5,4.5
optimal,3.7494,504.3,-0.0,8.67,6.28,-0.0,-0.0,0.0,24817.75,30182.25,1000.0,100.0,-0.0,1084.49,645.31,-0.0,-0.0,2019.63,3749.43,0.0,0.1332,45.12,21.5_5.5,21.5,5.5
optimal,3.9816,535.53,-0.0,8.6,6.28,-0.0,-0.0,0.0,21211.04,33788.96,1000.0,100.0,-0.0,1075.37,645.31,-0.0,-0.0,2260.97,3981.65,0.0,0.1305,38.57,21.5_6.5,21.5,6.5
optimal,3.8155,513.18,-0.0,8.59,6.28,-0.0,-0.0,0.0,23684.42,31315.58,1000.0,100.0,-0.0,1074.7,645.31,-0.0,-0.0,2095.47,3815.48,0.0,0.1297,43.06,21.5_7.5,21.5,7.5
optimal,3.7003,497.68,-0.0,8.15,6.28,-0.0,-0.0,0.0,24577.44,30422.56,1000.0,100.0,-0.0,1019.23,645.31,-0.0,-0.0,2035.71,3700.25,0.0,0.1277,44.69,21.5_8.5,21.5,8.5
optimal,3.7474,504.02,-0.0,8.93,6.28,-0.0,-0.0,0.0,25325.87,29674.13,1000.0,100.0,-0.0,1116.45,645.31,-0.0,-0.0,1985.63,3747.4,0.0,0.1242,46.05,22.5_-6.5,22.5,-6.5
optimal,3.7597,505.68,-0.0,9.28,6.28,-0.0,-0.0,0.0,25796.63,29203.37,1000.0,100.0,-0.0,1160.27,645.31,-0.0,-0.0,1954.13,3759.71,0.0,0.1224,46.9,22.5_-5.5,22.5,-5.5
optimal,3.8945,523.81,-0.0,9.4,6.28,-0.0,-0.0,0.0,24016.93,30983.07,1000.0,100.0,-0.0,1175.95,645.31,-0.0,-0.0,2073.22,3894.48,0.0,0.1212,43.67,22.5_-4.5,22.5,-4.5
optimal,3.7214,500.53,-0.0,8.7,6.28,-0.0,-0.0,0.0,25286.96,29713.04,1000.0,100.0,-0.0,1087.87,645.31,-0.0,-0.0,1988.23,3721.42,0.0,0.1211,45.98,22.5_-3.5,22.5,-3.5
optimal,3.7162,499.83,-0.0,9.04,6.28,-0.0,-0.0,0.0,25996.28,29003.72,1000.0,100.0,-0.0,1130.16,645.31,-0.0,-0.0,1940.77,3716.24,0.0,0.1223,47.27,22.5_-2.5,22.5,-2.5
optimal,3.858,518.91,-0.0,8.52,6.28,-0.0,-0.0,0.0,22906.76,32093.24,1000.0,100.0,-0.0,1065.23,645.31,-0.0,-0.0,2147.5,3858.04,0.0,0.124,41.65,22.5_-1.5,22.5,-1.5
optimal,3.9045,525.16,-0.0,8.09,6.28,-0.0,-0.0,0.0,21407.11,33592.89,1000.0,100.0,-0.0,1011.37,645.31,-0.0,-0.0,2247.85,3904.54,0.0,0.1244,38.92,22.5_-0.5,22.5,-0.5
optimal,3.9966,537.54,-0.0,7.63,6.28,-0.0,-0.0,0.0,19166.96,35833.04,1000.0,100.0,-0.0,953.52,645.31,-0.0,-0.0,2397.75,3996.58,0.0,0.1259,34.85,22.5_0.5,22.5,0.5
optimal,4.089,549.97,-0.0,7.49,6.28,-0.0,-0.0,0.0,17524.69,37475.31,1000.0,100.0,-0.0,936.04,645.31,-0.0,-0.0,2507.64,4088.99,0.0,0.1274,31.86,22.5_1.5,22.5,1.5
optimal,4.2056,565.66,-0.0,7.09,6.28,-0.0,-0.0,0.0,15045.47,39954.53,1000.0,100.0,-0.0,886.79,645.31,-0.0,-0.0,2673.54,4205.64,0.0,0.1281,27.36,22.5_2.5,22.5,2.5
optimal,4.1712,561.03,-0.0,6.91,6.28,-0.0,-0.0,0.0,15211.4,39788.6,1000.0,100.0,-0.0,863.46,645.31,-0.0,-0.0,2662.43,4171.21,0.0,0.1322,27.66,22.5_3.5,22.5,3.5
optimal,4.1899,563.54,-0.0,6.49,6.28,-0.0,-0.0,0.0,14161.61,40838.39,1000.0,100.0,-0.0,811.9,645.31,-0.0,-0.0,2732.68,4189.89,0.0,0.1323,25.75,22.5_4.5,22.5,4.5
optimal,4.0943,550.69,-0.0,6.96,6.28,-0.0,-0.0,0.0,16472.07,38527.93,1000.0,100.0,-0.0,870.93,645.31,-0.0,-0.0,2578.08,4094.31,0.0,0.1329,29.95,22.5_5.5,22.5,5.5
optimal,4.3256,581.79,-0.0,-0.0,6.28,-0.0,-0.0,0.0,0.0,55000.0,1000.0,100.0,-0.0,-0.0,645.31,-0.0,-0.0,3680.3,4325.61,0.0,0.1313,0.0,22.5_6.5,22.5,6.5
optimal,4.2586,572.79,-0.0,6.42,6.28,-0.0,-0.0,0.0,12993.28,42006.72,1000.0,100.0,-0.0,802.45,645.31,-0.0,-0.0,2810.86,4258.63,0.0,0.1303,23.62,22.5_7.5,22.5,7.5
optimal,4.1449,557.49,-0.0,7.61,6.28,-0.0,-0.0,0.0,16928.92,38071.08,1000.0,100.0,-0.0,952.05,645.31,-0.0,-0.0,2547.51,4144.87,0.0,0.1293,30.78,22.5_8.5,22.5,8.5
optimal,3.8146,513.07,-0.0,9.03,6.28,-0.0,-0.0,0.0,24517.09,30482.91,1000.0,100.0,-0.0,1129.59,645.31,-0.0,-0.0,2039.75,3814.65,0.0,0.1248,44.58,23.5_-7.5,23.5,-7.5
optimal,3.8102,512.47,-0.0,9.04,6.28,-0.0,-0.0,0.0,24597.99,30402.01,1000.0,100.0,-0.0,1130.53,645.31,-0.0,-0.0,2034.34,3810.18,0.0,0.1241,44.72,23.5_-6.5,23.5,-6.5
optimal,3.7918,510.0,-0.0,9.08,6.28,-0.0,-0.0,0.0,24938.77,30061.23,1000.0,100.0,-0.0,1134.98,645.31,-0.0,-0.0,2011.53,3791.83,0.0,0.1233,45.34,23.5_-5.5,23.5,-5.5
optimal,3.7385,502.83,-0.0,9.03,6.28,-0.0,-0.0,0.0,25650.72,29349.28,1000.0,100.0,-0.0,1129.34,645.31,-0.0,-0.0,1963.89,3738.54,0.0,0.1214,46.64,23.5_-4.5,23.5,-4.5
optimal,3.6894,496.23,-0.0,8.72,6.28,-0.0,-0.0,0.0,25798.3,29201.7,1000.0,100.0,-0.0,1090.11,645.31,-0.0,-0.0,1954.02,3689.44,0.0,0.1226,46.91,23.5_-3.5,23.5,-3.5
optimal,4.0289,541.89,-0.0,8.24,6.28,-0.0,-0.0,0.0,19828.09,35171.91,1000.0,100.0,-0.0,1030.12,645.31,-0.0,-0.0,2353.51,4028.94,0.0,0.1236,36.05,23.5_-2.5,23.5,-2.5
optimal,3.8217,514.01,-0.0,8.29,6.28,-0.0,-0.0,0.0,23032.06,31967.94,1000.0,100.0,-0.0,1037.24,645.31,-0.0,-0.0,2139.12,3821.67,0.0,0.1238,41.88,23.5_-1.5,23.5,-1.5
optimal,3.8757,521.28,-0.0,8.42,6.28,-0.0,-0.0,0.0,22450.68,32549.32,1000.0,100.0,-0.0,1052.36,645.31,-0.0,-0.0,2178.02,3875.7,0.0,0.1248,40.82,23.5_-0.5,23.5,-0.5
optimal,3.9326,528.94,-0.0,7.99,6.28,-0.0,-0.0,0.0,20798.34,34201.66,1000.0,100.0,-0.0,998.74,645.31,-0.0,-0.0,2288.59,3932.64,0.0,0.1252,37.82,23.5_0.5,23.5,0.5
optimal,4.0272,541.66,-0.0,7.42,6.28,-0.0,-0.0,0.0,18325.18,36674.82,1000.0,100.0,-0.0,927.79,645.31,-0.0,-0.0,2454.08,4027.18,0.0,0.1257,33.32,23.5_1.5,23.5,1.5
optimal,4.3256,581.79,-0.0,-0.0,6.28,-0.0,-0.0,0.0,0.0,55000.0,1000.0,100.0,-0.0,-0.0,645.31,-0.0,-0.0,3680.3,4325.61,0.0,0.127,0.0,23.5_2.5,23.5,2.5
optimal,4.3177,580.73,-0.0,6.28,6.28,-0.0,-0.0,0.0,11851.44,43148.56,1000.0,100.0,-0.0,785.11,645.31,-0.0,-0.0,2887.26,4317.69,0.0,0.1318,21.55,23.5_3.5,23.5,3.5
optimal,4.3256,581.79,-0.0,-0.0,6.28,-0.0,-0.0,0.0,0.0,55000.0,1000.0,100.0,-0.0,-0.0,645.31,-0.0,-0.0,3680.3,4325.61,0.0,0.1336,0.0,23.5_4.5,23.5,4.5
optimal,4.3256,581.79,-0.0,-0.0,6.28,-0.0,-0.0,0.0,0.0,55000.0,1000.0,100.0,-0.0,-0.0,645.31,-0.0,-0.0,3680.3,4325.61,0.0,0.1354,0.0,23.5_5.5,23.5,5.5
optimal,4.3256,581.79,-0.0,-0.0,6.28,-0.0,-0.0,0.0,0.0,55000.0,1000.0,100.0,-0.0,-0.0,645.31,-0.0,-0.0,3680.3,4325.61,0.0,0.1353,0.0,23.5_6.5,23.5,6.5
optimal,4.3256,581.79,-0.0,-0.0,6.28,-0.0,-0.0,0.0,0.0,55000.0,1000.0,100.0,-0.0,-0.0,645.31,-0.0,-0.0,3680.3,4325.61,0.0,0.13,0.0,23.5_7.5,23.5,7.5
optimal,4.3256,581.79,-0.0,-0.0,6.28,-0.0,-0.0,0.0,0.0,55000.0,1000.0,100.0,-0.0,-0.0,645.31,-0.0,-0.0,3680.3,4325.61,0.0,0.1299,0.0,23.5_8.5,23.5,8.5
optimal,4.3256,581.79,-0.0,-0.0,6.28,-0.0,-0.0,0.0,0.0,55000.0,1000.0,100.0,-0.0,-0.0,645.31,-0.0,-0.0,3680.3,4325.61,0.0,0.1286,0.0,23.5_9.5,23.5,9.5
optimal,3.822,514.06,-0.0,8.74,6.28,-0.0,-0.0,0.0,23856.69,31143.31,1000.0,100.0,-0.0,1092.73,645.31,-0.0,-0.0,2083.94,3821.98,0.0,0.1263,43.38,24.5_-7.5,24.5,-7.5
optimal,3.8142,513.02,-0.0,8.72,6.28,-0.0,-0.0,0.0,23936.86,31063.14,1000.0,100.0,-0.0,1090.35,645.31,-0.0,-0.0,2078.57,3814.24,0.0,0.1241,43.52,24.5_-6.5,24.5,-6.5
optimal,3.9642,533.18,-0.0,8.46,6.28,-0.0,-0.0,0.0,21212.87,33787.13,1000.0,100.0,-0.0,1058.02,645.31,-0.0,-0.0,2260.85,3964.18,0.0,0.1201,38.57,24.5_-5.5,24.5,-5.5
optimal,3.8406,516.56,-0.0,9.24,6.28,-0.0,-0.0,0.0,24508.88,30491.12,1000.0,100.0,-0.0,1154.99,645.31,-0.0,-0.0,2040.3,3840.6,0.0,0.1211,44.56,24.5_-4.5,24.5,-4.5
optimal,3.7426,503.38,-0.0,9.2,6.28,-0.0,-0.0,0.0,25904.84,29095.16,1000.0,100.0,-0.0,1150.43,645.31,-0.0,-0.0,1946.89,3742.63,0.0,0.1222,47.1,24.5_-3.5,24.5,-3.5
optimal,3.7691,506.94,-0.0,8.99,6.28,-0.0,-0.0,0.0,25112.85,29887.15,1000.0,100.0,-0.0,1123.86,645.31,-0.0,-0.0,1999.88,3769.06,0.0,0.123,45.66,24.5_-2.5,24.5,-2.5
optimal,3.8478,517.53,-0.0,8.58,6.28,-0.0,-0.0,0.0,23180.0,31820.0,1000.0,100.0,-0.0,1073.26,645.31,-0.0,-0.0,2129.22,3847.79,0.0,0.1227,42.15,24.5_-1.5,24.5,-1.5
optimal,3.8417,516.7,-0.0,8.18,6.28,-0.0,-0.0,0.0,22523.23,32476.77,1000.0,100.0,-0.0,1023.18,645.31,-0.0,-0.0,2173.17,3841.65,0.0,0.1225,40.95,24.5_-0.5,24.5,-0.5
optimal,3.8097,512.41,-0.0,8.11,6.28,-0.0,-0.0,0.0,22862.6,32137.4,1000.0,100.0,-0.0,1013.97,645.31,-0.0,-0.0,2150.46,3809.74,0.0,0.1245,41.57,24.5_0.5,24.5,0.5
optimal,4.007,538.94,-0.0,7.5,6.28,-0.0,-0.0,0.0,18780.64,36219.36,1000.0,100.0,-0.0,938.11,645.31,-0.0,-0.0,2423.6,4007.02,0.0,0.1238,34.15,24.5_1.5,24.5,1.5
optimal,4.3256,581.79,-0.0,-0.0,6.28,-0.0,-0.0,0.0,0.0,55000.0,1000.0,100.0,-0.0,-0.0,645.31,-0.0,-0.0,3680.3,4325.61,0.0,0.125,0.0,24.5_2.5,24.5,2.5
optimal,4.3256,581.79,-0.0,-0.0,6.28,-0.0,-0.0,0.0,0.0,55000.0,1000.0,100.0,-0.0,-0.0,645.31,-0.0,-0.0,3680.3,4325.61,0.0,0.1308,0.0,24.5_3.5,24.5,3.5
optimal,4.2648,573.62,-0.0,6.31,6.28,-0.0,-0.0,0.0,12704.4,42295.6,1000.0,100.0,-0.0,789.32,645.31,-0.0,-0.0,2830.19,4264.82,0.0,0.1339,23.1,24.5_4.5,24.5,4.5
optimal,4.3256,581.79,-0.0,-0.0,6.28,-0.0,-0.0,0.0,0.0,55000.0,1000.0,100.0,-0.0,-0.0,645.31,-0.0,-0.0,3680.3,4325.61,0.0,0.1353,0.0,24.5_5.5,24.5,5.5
optimal,4.3256,581.79,-0.0,-0.0,6.28,-0.0,-0.0,0.0,0.0,55000.0,1000.0,100.0,-0.0,-0.0,645.31,-0.0,-0.0,3680.3,4325.61,0.0,0.133,0.0,24.5_6.5,24.5,6.5
optimal,4.3256,581.79,-0.0,-0.0,6.28,-0.0,-0.0,0.0,0.0,55000.0,1000.0,100.0,-0.0,-0.0,645.31,-0.0,-0.0,3680.3,4325.61,0.0,0.1315,0.0,24.5_7.5,24.5,7.5
optimal,4.3256,581.79,-0.0,-0.0,6.28,-0.0,-0.0,0.0,0.0,55000.0,1000.0,100.0,-0.0,-0.0,645.31,-0.0,-0.0,3680.3,4325.61,0.0,0.1302,0.0,24.5_8.5,24.5,8.5
optimal,4.3256,581.79,-0.0,-0.0,6.28,-0.0,-0.0,0.0,0.0,55000.0,1000.0,100.0,-0.0,-0.0,645.31,-0.0,-0.0,3680.3,4325.61,0.0,0.1295,0.0,24.5_9.5,24.5,9.5
optimal,3.8081,512.19,-0.0,7.92,6.28,-0.0,-0.0,0.0,22526.61,32473.39,1000.0,100.0,-0.0,989.86,645.31,-0.0,-0.0,2172.94,3808.11,0.0,0.1273,40.96,25.5_-7.5,25.5,-7.5
optimal,3.8047,511.73,-0.0,8.65,6.28,-0.0,-0.0,0.0,23944.41,31055.59,1000.0,100.0,-0.0,1081.34,645.31,-0.0,-0.0,2078.07,3804.72,0.0,0.1248,43.54,25.5_-6.5,25.5,-6.5
optimal,3.7738,507.57,-0.0,8.97,6.28,-0.0,-0.0,0.0,25014.92,29985.08,1000.0,100.0,-0.0,1122.0,645.31,-0.0,-0.0,2006.44,3773.75,0.0,0.122,45.48,25.5_-5.5,25.5,-5.5
optimal,3.6192,486.79,-0.0,9.42,6.28,-0.0,-0.0,0.0,28167.96,26832.04,1000.0,100.0,-0.0,1178.47,645.31,-0.0,-0.0,1795.45,3619.24,0.0,0.121,51.21,25.5_-4.5,25.5,-4.5
optimal,3.7245,500.95,-0.0,9.33,6.28,-0.0,-0.0,0.0,26412.84,28587.16,1000.0,100.0,-0.0,1166.33,645.31,-0.0,-0.0,1912.9,3724.54,0.0,0.1208,48.02,25.5_-3.5,25.5,-3.5
optimal,3.7063,498.5,-0.0,8.93,6.28,-0.0,-0.0,0.0,25939.03,29060.97,1000.0,100.0,-0.0,1116.38,645.31,-0.0,-0.0,1944.6,3706.29,0.0,0.1223,47.16,25.5_-2.5,25.5,-2.5
optimal,3.7999,511.09,-0.0,8.15,6.28,-0.0,-0.0,0.0,23082.12,31917.88,1000.0,100.0,-0.0,1018.86,645.31,-0.0,-0.0,2135.77,3799.94,0.0,0.122,41.97,25.5_-1.5,25.5,-1.5
optimal,3.8699,520.5,-0.0,8.09,6.28,-0.0,-0.0,0.0,21935.89,33064.11,1000.0,100.0,-0.0,1012.1,645.31,-0.0,-0.0,2212.47,3869.88,0.0,0.1221,39.88,25.5_-0.5,25.5,-0.5
optimal,3.7747,507.7,-0.0,7.96,6.28,-0.0,-0.0,0.0,23099.37,31900.63,1000.0,100.0,-0.0,994.79,645.31,-0.0,-0.0,2134.61,3774.71,0.0,0.122,42.0,25.5_0.5,25.5,0.5
optimal,3.9767,534.87,-0.0,7.3,6.28,-0.0,-0.0,0.0,18858.35,36141.65,1000.0,100.0,-0.0,913.01,645.31,-0.0,-0.0,2418.4,3976.72,0.0,0.1214,34.29,25.5_1.5,25.5,1.5
optimal,3.8989,524.41,-0.0,7.23,6.28,-0.0,-0.0,0.0,19887.58,35112.42,1000.0,100.0,-0.0,904.09,645.31,-0.0,-0.0,2349.53,3898.93,0.0,0.1238,36.16,25.5_2.5,25.5,2.5
optimal,4.3256,581.79,-0.0,-0.0,6.28,-0.0,-0.0,0.0,0.0,55000.0,1000.0,100.0,-0.0,-0.0,645.31,-0.0,-0.0,3680.3,4325.61,0.0,0.1298,0.0,25.5_3.5,25.5,3.5
optimal,4.3256,581.79,-0.0,-0.0,6.28,-0.0,-0.0,0.0,0.0,55000.0,1000.0,100.0,-0.0,-0.0,645.31,-0.0,-0.0,3680.3,4325.61,0.0,0.1331,0.0,25.5_4.5,25.5,4.5
optimal,4.3256,581.79,-0.0,-0.0,6.28,-0.0,-0.0,0.0,0.0,55000.0,1000.0,100.0,-0.0,-0.0,645.31,-0.0,-0.0,3680.3,4325.61,0.0,0.1319,0.0,25.5_5.5,25.5,5.5
optimal,4.3256,581.79,-0.0,-0.0,6.28,-0.0,-0.0,0.0,0.0,55000.0,1000.0,100.0,-0.0,-0.0,645.31,-0.0,-0.0,3680.3,4325.61,0.0,0.132,0.0,25.5_6.5,25.5,6.5
optimal,4.3256,581.79,-0.0,-0.0,6.28,-0.0,-0.0,0.0,0.0,55000.0,1000.0,100.0,-0.0,-0.0,645.31,-0.0,-0.0,3680.3,4325.61,0.0,0.13,0.0,25.5_7.5,25.5,7.5
optimal,4.3256,581.79,-0.0,-0.0,6.28,-0.0,-0.0,0.0,0.0,55000.0,1000.0,100.0,-0.0,-0.0,645.31,-0.0,-0.0,3680.3,4325.61,0.0,0.1276,0.0,25.5_8.5,25.5,8.5
optimal,4.3256,581.79,-0.0,-0.0,6.28,-0.0,-0.0,0.0,0.0,55000.0,1000.0,100.0,-0.0,-0.0,645.31,-0.0,-0.0,3680.3,4325.61,0.0,0.1257,0.0,25.5_9.5,25.5,9.5
optimal,3.8473,517.46,-0.0,7.85,6.28,-0.0,-0.0,0.0,21813.81,33186.19,1000.0,100.0,-0.0,981.36,645.31,-0.0,-0.0,2220.64,3847.31,0.0,0.1277,39.66,26.5_-7.5,26.5,-7.5
optimal,3.8772,521.49,-0.0,7.78,6.28,-0.0,-0.0,0.0,21242.79,33757.21,1000.0,100.0,-0.0,973.07,645.31,-0.0,-0.0,2258.85,3877.23,0.0,0.1251,38.62,26.5_-6.5,26.5,-6.5
optimal,3.8178,513.5,-0.0,8.8,6.28,-0.0,-0.0,0.0,24041.33,30958.67,1000.0,100.0,-0.0,1100.91,645.31,-0.0,-0.0,2071.58,3817.81,0.0,0.1221,43.71,26.5_-5.5,26.5,-5.5
optimal,3.7223,500.65,-0.0,9.43,6.28,-0.0,-0.0,0.0,26631.03,28368.97,1000.0,100.0,-0.0,1178.7,645.31,-0.0,-0.0,1898.3,3722.31,0.0,0.1206,48.42,26.5_-4.5,26.5,-4.5
optimal,3.6764,494.48,-0.0,9.08,6.28,-0.0,-0.0,0.0,26661.29,28338.71,1000.0,100.0,-0.0,1134.86,645.31,-0.0,-0.0,1896.27,3676.44,0.0,0.1213,48.48,26.5_-3.5,26.5,-3.5
optimal,3.7898,509.73,-0.0,8.23,6.28,-0.0,-0.0,0.0,23381.38,31618.62,1000.0,100.0,-0.0,1028.77,645.31,-0.0,-0.0,2115.74,3789.82,0.0,0.121,42.51,26.5_-2.5,26.5,-2.5
optimal,3.726,501.14,-0.0,8.21,6.28,-0.0,-0.0,0.0,24295.02,30704.98,1000.0,100.0,-0.0,1026.04,645.31,-0.0,-0.0,2054.61,3725.96,0.0,0.1216,44.17,26.5_-1.5,26.5,-1.5
optimal,3.9565,532.14,-0.0,7.9,6.28,-0.0,-0.0,0.0,20274.93,34725.07,1000.0,100.0,-0.0,987.53,645.31,-0.0,-0.0,2323.61,3956.45,0.0,0.1215,36.86,26.5_-0.5,26.5,-0.5
optimal,3.9003,524.59,-0.0,7.52,6.28,-0.0,-0.0,0.0,20418.05,34581.95,1000.0,100.0,-0.0,940.96,645.31,-0.0,-0.0,2314.03,3900.31,0.0,0.1201,37.12,26.5_0.5,26.5,0.5
optimal,3.7153,499.71,-0.0,7.24,6.28,-0.0,-0.0,0.0,22659.02,32340.98,1000.0,100.0,-0.0,905.93,645.31,-0.0,-0.0,2164.08,3715.33,0.0,0.1209,41.2,26.5_1.5,26.5,1.5
optimal,3.5947,483.49,-0.0,7.13,6.28,-0.0,-0.0,0.0,24252.41,30747.59,1000.0,100.0,-0.0,891.96,645.31,-0.0,-0.0,2057.46,3594.74,0.0,0.123,44.1,26.5_2.5,26.5,2.5
optimal,3.8878,522.9,-0.0,7.15,6.28,-0.0,-0.0,0.0,19904.09,35095.91,1000.0,100.0,-0.0,894.02,645.31,-0.0,-0.0,2348.43,3887.76,0.0,0.1277,36.19,26.5_3.5,26.5,3.5
optimal,4.0159,540.13,-0.0,7.28,6.28,-0.0,-0.0,0.0,18231.74,36768.26,1000.0,100.0,-0.0,910.22,645.31,-0.0,-0.0,2460.33,4015.86,0.0,0.1297,33.15,26.5_4.5,26.5,4.5
optimal,4.3256,581.79,-0.0,-0.0,6.28,-0.0,-0.0,0.0,0.0,55000.0,1000.0,100.0,-0.0,-0.0,645.31,-0.0,-0.0,3680.3,4325.61,0.0,0.1306,0.0,26.5_5.5,26.5,5.5
optimal,4.3256,581.79,-0.0,-0.0,6.28,-0.0,-0.0,0.0,0.0,55000.0,1000.0,100.0,-0.0,-0.0,645.31,-0.0,-0.0,3680.3,4325.61,0.0,0.1282,0.0,26.5_6.5,26.5,6.5
optimal,4.3256,581.79,-0.0,-0.0,6.28,-0.0,-0.0,0.0,0.0,55000.0,1000.0,100.0,-0.0,-0.0,645.31,-0.0,-0.0,3680.3,4325.61,0.0,0.1264,0.0,26.5_7.5,26.5,7.5
optimal,4.3256,581.79,-0.0,-0.0,6.28,-0.0,-0.0,0.0,0.0,55000.0,1000.0,100.0,-0.0,-0.0,645.31,-0.0,-0.0,3680.3,4325.61,0.0,0.1239,0.0,26.5_8.5,26.5,8.5
optimal,4.267,573.92,-0.0,6.46,6.28,-0.0,-0.0,0.0,12954.91,42045.09,1000.0,100.0,-0.0,808.29,645.31,-0.0,-0.0,2813.43,4267.03,0.0,0.1237,23.55,26.5_9.5,26.5,9.5
optimal,3.7471,503.98,-0.0,7.53,6.28,-0.0,-0.0,0.0,22714.06,32285.94,1000.0,100.0,-0.0,941.38,645.31,-0.0,-0.0,2160.4,3747.09,0.0,0.1304,41.3,27.5_-8.5,27.5,-8.5
optimal,3.8728,520.89,-0.0,7.51,6.28,-0.0,-0.0,0.0,20805.22,34194.78,1000.0,100.0,-0.0,939.37,645.31,-0.0,-0.0,2288.13,3872.81,0.0,0.129,37.83,27.5_-7.5,27.5,-7.5
optimal,3.8897,523.16,-0.0,7.22,6.28,-0.0,-0.0,0.0,20003.86,34996.14,1000.0,100.0,-0.0,902.59,645.31,-0.0,-0.0,2341.75,3889.65,0.0,0.1263,36.37,27.5_-6.5,27.5,-6.5
optimal,3.937,529.52,-0.0,7.36,6.28,-0.0,-0.0,0.0,19565.49,35434.51,1000.0,100.0,-0.0,920.58,645.31,-0.0,-0.0,2371.08,3936.97,0.0,0.1247,35.57,27.5_-5.5,27.5,-5.5
optimal,3.9132,526.32,-0.0,7.58,6.28,-0.0,-0.0,0.0,20335.82,34664.18,1000.0,100.0,-0.0,948.34,645.31,-0.0,-0.0,2319.54,3913.19,0.0,0.122,36.97,27.5_-4.5,27.5,-4.5
optimal,3.8481,517.57,-0.0,8.16,6.28,-0.0,-0.0,0.0,22380.41,32619.59,1000.0,100.0,-0.0,1020.1,645.31,-0.0,-0.0,2182.72,3848.13,0.0,0.1215,40.69,27.5_-3.5,27.5,-3.5
optimal,3.867,520.11,-0.0,8.34,6.28,-0.0,-0.0,0.0,22436.07,32563.93,1000.0,100.0,-0.0,1042.7,645.31,-0.0,-0.0,2179.0,3867.01,0.0,0.1223,40.79,27.5_-2.5,27.5,-2.5
optimal,3.7689,506.92,-0.0,7.77,6.28,-0.0,-0.0,0.0,22832.76,32167.24,1000.0,100.0,-0.0,971.18,645.31,-0.0,-0.0,2152.45,3768.94,0.0,0.1222,41.51,27.5_-1.5,27.5,-1.5
optimal,3.9122,526.19,-0.0,7.91,6.28,-0.0,-0.0,0.0,20955.56,34044.44,1000.0,100.0,-0.0,988.78,645.31,-0.0,-0.0,2278.07,3912.16,0.0,0.1199,38.1,27.5_-0.5,27.5,-0.5
optimal,3.7381,502.78,-0.0,8.3,6.28,-0.0,-0.0,0.0,24282.12,30717.88,1000.0,100.0,-0.0,1037.33,645.31,-0.0,-0.0,2055.47,3738.11,0.0,0.1203,44.15,27.5_0.5,27.5,0.5
optimal,3.5554,478.21,-0.0,7.88,6.28,-0.0,-0.0,0.0,26233.58,28766.42,1000.0,100.0,-0.0,985.23,645.31,-0.0,-0.0,1924.89,3555.43,0.0,0.1234,47.7,27.5_1.5,27.5,1.5
optimal,3.5587,478.65,-0.0,7.82,6.28,-0.0,-0.0,0.0,26068.48,28931.52,1000.0,100.0,-0.0,977.47,645.31,-0.0,-0.0,1935.94,3558.72,0.0,0.1252,47.4,27.5_2.5,27.5,2.5
optimal,3.4061,458.12,-0.0,7.68,6.28,-0.0,-0.0,0.0,28100.98,26899.02,1000.0,100.0,-0.0,960.85,645.31,-0.0,-0.0,1799.93,3406.1,0.0,0.1285,51.09,27.5_3.5,27.5,3.5
optimal,3.5809,481.63,-0.0,8.37,6.28,-0.0,-0.0,0.0,26763.48,28236.52,1000.0,100.0,-0.0,1046.14,645.31,-0.0,-0.0,1889.43,3580.88,0.0,0.1307,48.66,27.5_4.5,27.5,4.5
optimal,3.9008,524.65,-0.0,8.17,6.28,-0.0,-0.0,0.0,21622.39,33377.61,1000.0,100.0,-0.0,1022.02,645.31,-0.0,-0.0,2233.45,3900.78,0.0,0.1283,39.31,27.5_5.5,27.5,5.5
optimal,4.1642,560.08,-0.0,6.96,6.28,-0.0,-0.0,0.0,15410.61,39589.39,1000.0,100.0,-0.0,869.78,645.31,-0.0,-0.0,2649.1,4164.2,0.0,0.1267,28.02,27.5_6.5,27.5,6.5
optimal,4.1137,553.3,-0.0,6.73,6.28,-0.0,-0.0,0.0,15748.98,39251.02,1000.0,100.0,-0.0,841.96,645.31,-0.0,-0.0,2626.46,4113.73,0.0,0.1264,28.63,27.5_7.5,27.5,7.5
optimal,4.072,547.68,-0.0,6.98,6.28,-0.0,-0.0,0.0,16827.16,38172.84,1000.0,100.0,-0.0,872.38,645.31,-0.0,-0.0,2554.32,4072.01,0.0,0.1238,30.59,27.5_8.5,27.5,8.5
optimal,4.0866,549.64,-0.0,6.68,6.28,-0.0,-0.0,0.0,16055.7,38944.3,1000.0,100.0,-0.0,835.32,645.31,-0.0,-0.0,2605.94,4086.57,0.0,0.123,29.19,27.5_9.5,27.5,9.5
optimal,4.1979,564.62,-0.0,6.56,6.28,-0.0,-0.0,0.0,14169.36,40830.64,1000.0,100.0,-0.0,820.44,645.31,-0.0,-0.0,2732.16,4197.92,0.0,0.1277,25.76,28.5_-8.5,28.5,-8.5
optimal,3.9078,525.59,-0.0,7.09,6.28,-0.0,-0.0,0.0,19487.57,35512.43,1000.0,100.0,-0.0,886.15,645.31,-0.0,-0.0,2376.3,3907.76,0.0,0.129,35.43,28.5_-7.5,28.5,-7.5
optimal,4.0098,539.32,-0.0,6.67,6.28,-0.0,-0.0,0.0,17178.26,37821.74,1000.0,100.0,-0.0,833.68,645.31,-0.0,-0.0,2530.82,4009.82,0.0,0.1263,31.23,28.5_-6.5,28.5,-6.5
optimal,3.9984,537.78,-0.0,6.81,6.28,-0.0,-0.0,0.0,17619.66,37380.34,1000.0,100.0,-0.0,851.77,645.31,-0.0,-0.0,2501.29,3998.36,0.0,0.1248,32.04,28.5_-5.5,28.5,-5.5
optimal,3.9743,534.55,-0.0,6.84,6.28,-0.0,-0.0,0.0,18037.84,36962.16,1000.0,100.0,-0.0,855.71,645.31,-0.0,-0.0,2473.3,3974.33,0.0,0.123,32.8,28.5_-4.5,28.5,-4.5
optimal,3.9509,531.39,-0.0,7.32,6.28,-0.0,-0.0,0.0,19285.23,35714.77,1000.0,100.0,-0.0,915.7,645.31,-0.0,-0.0,2389.84,3950.85,0.0,0.1231,35.06,28.5_-3.5,28.5,-3.5
optimal,3.9861,536.12,-0.0,7.29,6.28,-0.0,-0.0,0.0,18703.4,36296.6,1000.0,100.0,-0.0,911.97,645.31,-0.0,-0.0,2428.77,3986.05,0.0,0.1218,34.01,28.5_-2.5,28.5,-2.5
optimal,3.836,515.95,-0.0,7.45,6.28,-0.0,-0.0,0.0,21237.8,33762.2,1000.0,100.0,-0.0,931.55,645.31,-0.0,-0.0,2259.18,3836.04,0.0,0.1223,38.61,28.5_-1.5,28.5,-1.5
optimal,3.8614,519.35,-0.0,7.69,6.28,-0.0,-0.0,0.0,21304.38,33695.62,1000.0,100.0,-0.0,961.33,645.31,-0.0,-0.0,2254.73,3861.37,0.0,0.1205,38.74,28.5_-0.5,28.5,-0.5
optimal,3.7157,499.76,-0.0,7.95,6.28,-0.0,-0.0,0.0,23974.77,31025.23,1000.0,100.0,-0.0,994.34,645.31,-0.0,-0.0,2076.04,3715.69,0.0,0.1205,43.59,28.5_0.5,28.5,0.5
optimal,3.7103,499.04,-0.0,7.61,6.28,-0.0,-0.0,0.0,23414.01,31585.99,1000.0,100.0,-0.0,951.45,645.31,-0.0,-0.0,2113.56,3710.32,0.0,0.1224,42.57,28.5_1.5,28.5,1.5
optimal,3.5145,472.7,-0.0,8.04,6.28,-0.0,-0.0,0.0,27153.11,27846.89,1000.0,100.0,-0.0,1005.85,645.31,-0.0,-0.0,1863.36,3514.52,0.0,0.1249,49.37,28.5_2.5,28.5,2.5
optimal,3.87,520.52,-0.0,7.9,6.28,-0.0,-0.0,0.0,21566.88,33433.12,1000.0,100.0,-0.0,987.56,645.31,-0.0,-0.0,2237.16,3870.03,0.0,0.1275,39.21,28.5_3.5,28.5,3.5
optimal,3.9517,531.51,-0.0,7.84,6.28,-0.0,-0.0,0.0,20232.13,34767.87,1000.0,100.0,-0.0,979.92,645.31,-0.0,-0.0,2326.47,3951.71,0.0,0.1286,36.79,28.5_4.5,28.5,4.5
optimal,4.0857,549.52,-0.0,7.23,6.28,-0.0,-0.0,0.0,17096.87,37903.13,1000.0,100.0,-0.0,904.1,645.31,-0.0,-0.0,2536.27,4085.68,0.0,0.1278,31.09,28.5_5.5,28.5,5.5
optimal,4.0885,549.91,-0.0,7.11,6.28,-0.0,-0.0,0.0,16830.98,38169.02,1000.0,100.0,-0.0,889.17,645.31,-0.0,-0.0,2554.06,4088.54,0.0,0.1256,30.6,28.5_6.5,28.5,6.5
optimal,4.0216,540.9,-0.0,7.26,6.28,-0.0,-0.0,0.0,18112.92,36887.08,1000.0,100.0,-0.0,907.96,645.31,-0.0,-0.0,2468.28,4021.56,0.0,0.124,32.93,28.5_7.5,28.5,7.5
optimal,3.9682,533.73,-0.0,7.3,6.28,-0.0,-0.0,0.0,18976.2,36023.8,1000.0,100.0,-0.0,912.39,645.31,-0.0,-0.0,2410.51,3968.22,0.0,0.1236,34.5,28.5_8.5,28.5,8.5
optimal,3.9135,526.37,-0.0,7.37,6.28,-0.0,-0.0,0.0,19936.08,35063.92,1000.0,100.0,-0.0,921.93,645.31,-0.0,-0.0,2346.28,3913.53,0.0,0.1225,36.25,28.5_9.5,28.5,9.5
optimal,4.3256,581.79,-0.0,-0.0,6.28,-0.0,-0.0,0.0,0.0,55000.0,1000.0,100.0,-0.0,-0.0,645.31,-0.0,-0.0,3680.3,4325.61,0.0,0.131,0.0,29.5_-8.5,29.5,-8.5
optimal,4.3256,581.79,-0.0,-0.0,6.28,-0.0,-0.0,0.0,0.0,55000.0,1000.0,100.0,-0.0,-0.0,645.31,-0.0,-0.0,3680.3,4325.61,0.0,0.1259,0.0,29.5_-7.5,29.5,-7.5
optimal,4.2818,575.9,-0.0,6.29,6.28,-0.0,-0.0,0.0,12409.04,42590.96,1000.0,100.0,-0.0,786.53,645.31,-0.0,-0.0,2849.95,4281.79,0.0,0.1257,22.56,29.5_-6.5,29.5,-6.5
optimal,4.0127,539.71,-0.0,6.99,6.28,-0.0,-0.0,0.0,17736.33,37263.67,1000.0,100.0,-0.0,873.94,645.31,-0.0,-0.0,2493.48,4012.73,0.0,0.1248,32.25,29.5_-5.5,29.5,-5.5
optimal,4.0524,545.04,-0.0,6.7,6.28,-0.0,-0.0,0.0,16610.9,38389.1,1000.0,100.0,-0.0,838.27,645.31,-0.0,-0.0,2568.79,4052.37,0.0,0.1234,30.2,29.5_-4.5,29.5,-4.5
optimal,4.0253,541.4,-0.0,6.71,6.28,-0.0,-0.0,0.0,17026.57,37973.43,1000.0,100.0,-0.0,838.99,645.31,-0.0,-0.0,2540.97,4025.27,0.0,0.124,30.96,29.5_-3.5,29.5,-3.5
optimal,4.1313,555.66,-0.0,6.5,6.28,-0.0,-0.0,0.0,15052.24,39947.76,1000.0,100.0,-0.0,812.9,645.31,-0.0,-0.0,2673.08,4131.29,0.0,0.1229,27.37,29.5_-2.5,29.5,-2.5
optimal,4.0868,549.68,-0.0,7.02,6.28,-0.0,-0.0,0.0,16695.68,38304.32,1000.0,100.0,-0.0,878.38,645.31,-0.0,-0.0,2563.11,4086.81,0.0,0.1218,30.36,29.5_-1.5,29.5,-1.5
optimal,3.914,526.44,-0.0,7.17,6.28,-0.0,-0.0,0.0,19545.12,35454.88,1000.0,100.0,-0.0,896.28,645.31,-0.0,-0.0,2372.45,3914.04,0.0,0.1224,35.54,29.5_-0.5,29.5,-0.5
optimal,3.9005,524.62,-0.0,7.26,6.28,-0.0,-0.0,0.0,19923.62,35076.38,1000.0,100.0,-0.0,908.07,645.31,-0.0,-0.0,2347.12,3900.5,0.0,0.122,36.22,29.5_0.5,29.5,0.5
optimal,3.9096,525.85,-0.0,7.31,6.28,-0.0,-0.0,0.0,19882.48,35117.52,1000.0,100.0,-0.0,914.46,645.31,-0.0,-0.0,2349.87,3909.64,0.0,0.1227,36.15,29.5_1.5,29.5,1.5
optimal,3.8168,513.36,-0.0,7.43,6.28,-0.0,-0.0,0.0,21492.84,33507.16,1000.0,100.0,-0.0,929.41,645.31,-0.0,-0.0,2242.12,3816.83,0.0,0.1236,39.08,29.5_2.5,29.5,2.5
optimal,4.0846,549.38,-0.0,6.87,6.28,-0.0,-0.0,0.0,16441.96,38558.04,1000.0,100.0,-0.0,859.2,645.31,-0.0,-0.0,2580.09,4084.61,0.0,0.1266,29.89,29.5_3.5,29.5,3.5
optimal,4.1293,555.39,-0.0,6.72,6.28,-0.0,-0.0,0.0,15487.96,39512.04,1000.0,100.0,-0.0,840.03,645.31,-0.0,-0.0,2643.93,4129.27,0.0,0.1275,28.16,29.5_4.5,29.5,4.5
optimal,4.1461,557.65,-0.0,6.73,6.28,-0.0,-0.0,0.0,15260.63,39739.37,1000.0,100.0,-0.0,841.67,645.31,-0.0,-0.0,2659.14,4146.12,0.0,0.1266,27.75,29.5_5.5,29.5,5.5
optimal,4.1088,552.63,-0.0,7.08,6.28,-0.0,-0.0,0.0,16465.83,38534.17,1000.0,100.0,-0.0,885.0,645.31,-0.0,-0.0,2578.49,4108.81,0.0,0.1243,29.94,29.5_6.5,29.5,6.5
optimal,4.1437,557.33,-0.0,7.05,6.28,-0.0,-0.0,0.0,15901.82,39098.18,1000.0,100.0,-0.0,882.16,645.31,-0.0,-0.0,2616.24,4143.71,0.0,0.1234,28.91,29.5_7.5,29.5,7.5
optimal,4.1814,562.4,-0.0,6.51,6.28,-0.0,-0.0,0.0,14322.45,40677.55,1000.0,100.0,-0.0,814.21,645.31,-0.0,-0.0,2721.92,4181.44,0.0,0.1214,26.04,29.5_8.5,29.5,8.5
optimal,4.0041,538.55,-0.0,6.48,6.28,-0.0,-0.0,0.0,16915.17,38084.83,1000.0,100.0,-0.0,810.37,645.31,-0.0,-0.0,2548.43,4004.11,0.0,0.1202,30.75,29.5_9.5,29.5,9.5
optimal,4.3256,581.79,-0.0,-0.0,6.28,-0.0,-0.0,0.0,0.0,55000.0,1000.0,100.0,-0.0,-0.0,645.31,-0.0,-0.0,3680.3,4325.61,0.0,0.1313,0.0,30.5_-7.5,30.5,-7.5
optimal,4.3256,581.79,-0.0,-0.0,6.28,-0.0,-0.0,0.0,0.0,55000.0,1000.0,100.0,-0.0,-0.0,645.31,-0.0,-0.0,3680.3,4325.61,0.0,0.1279,0.0,30.5_-6.5,30.5,-6.5
optimal,4.3256,581.79,-0.0,-0.0,6.28,-0.0,-0.0,0.0,0.0,55000.0,1000.0,100.0,-0.0,-0.0,645.31,-0.0,-0.0,3680.3,4325.61,0.0,0.1253,0.0,30.5_-5.5,30.5,-5.5
optimal,4.2529,572.02,-0.0,6.3,6.28,-0.0,-0.0,0.0,12850.53,42149.47,1000.0,100.0,-0.0,787.22,645.31,-0.0,-0.0,2820.41,4252.94,0.0,0.1239,23.36,30.5_-4.5,30.5,-4.5
optimal,3.9468,530.85,-0.0,6.92,6.28,-0.0,-0.0,0.0,18587.81,36412.19,1000.0,100.0,-0.0,865.0,645.31,-0.0,-0.0,2436.5,3946.82,0.0,0.1237,33.8,30.5_-3.5,30.5,-3.5
optimal,4.1236,554.63,-0.0,6.4,6.28,-0.0,-0.0,0.0,14982.37,40017.63,1000.0,100.0,-0.0,800.57,645.31,-0.0,-0.0,2677.76,4123.64,0.0,0.1239,27.24,30.5_-2.5,30.5,-2.5
optimal,3.9804,535.36,-0.0,7.07,6.28,-0.0,-0.0,0.0,18378.49,36621.51,1000.0,100.0,-0.0,884.56,645.31,-0.0,-0.0,2450.51,3980.38,0.0,0.1243,33.42,30.5_-1.5,30.5,-1.5
optimal,4.0109,539.46,-0.0,6.99,6.28,-0.0,-0.0,0.0,17772.79,37227.21,1000.0,100.0,-0.0,874.53,645.31,-0.0,-0.0,2491.04,4010.89,0.0,0.1221,32.31,30.5_-0.5,30.5,-0.5
optimal,3.9588,532.45,-0.0,6.95,6.28,-0.0,-0.0,0.0,18476.27,36523.73,1000.0,100.0,-0.0,869.47,645.31,-0.0,-0.0,2443.97,3958.75,0.0,0.1233,33.59,30.5_0.5,30.5,0.5
optimal,3.9363,529.43,-0.0,6.98,6.28,-0.0,-0.0,0.0,18861.55,36138.45,1000.0,100.0,-0.0,872.77,645.31,-0.0,-0.0,2418.19,3936.27,0.0,0.1253,34.29,30.5_1.5,30.5,1.5
optimal,3.9756,534.71,-0.0,6.97,6.28,-0.0,-0.0,0.0,18256.2,36743.8,1000.0,100.0,-0.0,871.56,645.31,-0.0,-0.0,2458.69,3975.56,0.0,0.126,33.19,30.5_2.5,30.5,2.5
optimal,4.0169,540.27,-0.0,7.18,6.28,-0.0,-0.0,0.0,18033.16,36966.84,1000.0,100.0,-0.0,897.96,645.31,-0.0,-0.0,2473.62,4016.89,0.0,0.1283,32.79,30.5_3.5,30.5,3.5
optimal,4.1531,558.59,-0.0,6.51,6.28,-0.0,-0.0,0.0,14738.86,40261.14,1000.0,100.0,-0.0,813.73,645.31,-0.0,-0.0,2694.05,4153.09,0.0,0.1277,26.8,30.5_4.5,30.5,4.5
optimal,4.1034,551.91,-0.0,6.77,6.28,-0.0,-0.0,0.0,15970.2,39029.8,1000.0,100.0,-0.0,846.45,645.31,-0.0,-0.0,2611.66,4103.42,0.0,0.126,29.04,30.5_5.5,30.5,5.5
optimal,4.0764,548.28,-0.0,6.77,6.28,-0.0,-0.0,0.0,16380.05,38619.95,1000.0,100.0,-0.0,846.86,645.31,-0.0,-0.0,2584.23,4076.41,0.0,0.1234,29.78,30.5_6.5,30.5,6.5
optimal,4.0952,550.8,-0.0,6.57,6.28,-0.0,-0.0,0.0,15714.44,39285.56,1000.0,100.0,-0.0,821.1,645.31,-0.0,-0.0,2628.77,4095.18,0.0,0.1224,28.57,30.5_7.5,30.5,7.5
optimal,4.1078,552.5,-0.0,6.48,6.28,-0.0,-0.0,0.0,15356.93,39643.07,1000.0,100.0,-0.0,809.78,645.31,-0.0,-0.0,2652.7,4107.79,0.0,0.1207,27.92,30.5_8.5,30.5,8.5
optimal,4.3256,581.79,-0.0,-0.0,6.28,-0.0,-0.0,0.0,0.0,55000.0,1000.0,100.0,-0.0,-0.0,645.31,-0.0,-0.0,3680.3,4325.61,0.0,0.1215,0.0,31.5_-7.5,31.5,-7.5
optimal,4.3256,581.79,-0.0,-0.0,6.28,-0.0,-0.0,0.0,0.0,55000.0,1000.0,100.0,-0.0,-0.0,645.31,-0.0,-0.0,3680.3,4325.61,0.0,0.1304,0.0,31.5_-6.5,31.5,-6.5
optimal,4.3256,581.79,-0.0,-0.0,6.28,-0.0,-0.0,0.0,0.0,55000.0,1000.0,100.0,-0.0,-0.0,645.31,-0.0,-0.0,3680.3,4325.61,0.0,0.1296,0.0,31.5_-5.5,31.5,-5.5
optimal,4.3256,581.79,-0.0,-0.0,6.28,-0.0,-0.0,0.0,0.0,55000.0,1000.0,100.0,-0.0,-0.0,645.31,-0.0,-0.0,3680.3,4325.61,0.0,0.1251,0.0,31.5_-4.5,31.5,-4.5
optimal,4.0653,546.79,-0.0,6.48,6.28,-0.0,-0.0,0.0,16005.53,38994.47,1000.0,100.0,-0.0,810.74,645.31,-0.0,-0.0,2609.3,4065.35,0.0,0.1263,29.1,31.5_-3.5,31.5,-3.5
optimal,4.322,581.3,-0.0,6.28,6.28,-0.0,-0.0,0.0,11787.55,43212.45,1000.0,100.0,-0.0,785.11,645.31,-0.0,-0.0,2891.54,4321.96,0.0,0.1228,21.43,31.5_-2.5,31.5,-2.5
optimal,4.3256,581.79,-0.0,-0.0,6.28,-0.0,-0.0,0.0,0.0,55000.0,1000.0,100.0,-0.0,-0.0,645.31,-0.0,-0.0,3680.3,4325.61,0.0,0.1235,0.0,31.5_-1.5,31.5,-1.5
optimal,4.0456,544.13,-0.0,6.91,6.28,-0.0,-0.0,0.0,17089.68,37910.32,1000.0,100.0,-0.0,863.5,645.31,-0.0,-0.0,2536.75,4045.56,0.0,0.1218,31.07,31.5_-0.5,31.5,-0.5
optimal,4.041,543.51,-0.0,6.82,6.28,-0.0,-0.0,0.0,17006.86,37993.14,1000.0,100.0,-0.0,853.35,645.31,-0.0,-0.0,2542.29,4040.96,0.0,0.1226,30.92,31.5_0.5,31.5,0.5
optimal,4.0479,544.44,-0.0,6.7,6.28,-0.0,-0.0,0.0,16679.46,38320.54,1000.0,100.0,-0.0,838.34,645.31,-0.0,-0.0,2564.2,4047.85,0.0,0.1242,30.33,31.5_1.5,31.5,1.5
optimal,3.9894,536.57,-0.0,6.94,6.28,-0.0,-0.0,0.0,18003.29,36996.71,1000.0,100.0,-0.0,868.45,645.31,-0.0,-0.0,2475.62,3989.37,0.0,0.1265,32.73,31.5_2.5,31.5,2.5
optimal,4.0231,541.11,-0.0,6.94,6.28,-0.0,-0.0,0.0,17484.5,37515.5,1000.0,100.0,-0.0,867.49,645.31,-0.0,-0.0,2510.33,4023.13,0.0,0.1268,31.79,31.5_3.5,31.5,3.5
optimal,4.05,544.72,-0.0,6.96,6.28,-0.0,-0.0,0.0,17121.45,37878.55,1000.0,100.0,-0.0,870.04,645.31,-0.0,-0.0,2534.62,4049.98,0.0,0.1259,31.13,31.5_4.5,31.5,4.5
optimal,4.1086,552.61,-0.0,6.61,6.28,-0.0,-0.0,0.0,15604.0,39396.0,1000.0,100.0,-0.0,827.17,645.31,-0.0,-0.0,2636.16,4108.64,0.0,0.1249,28.37,31.5_5.5,31.5,5.5
optimal,4.0369,542.96,-0.0,6.96,6.28,-0.0,-0.0,0.0,17322.21,37677.79,1000.0,100.0,-0.0,870.37,645.31,-0.0,-0.0,2521.19,4036.88,0.0,0.1225,31.49,31.5_6.5,31.5,6.5
optimal,4.0218,540.93,-0.0,6.79,6.28,-0.0,-0.0,0.0,17233.99,37766.01,1000.0,100.0,-0.0,849.39,645.31,-0.0,-0.0,2527.09,4021.8,0.0,0.1217,31.33,31.5_7.5,31.5,7.5
optimal,3.9974,537.66,-0.0,6.62,6.28,-0.0,-0.0,0.0,17267.92,37732.08,1000.0,100.0,-0.0,827.31,645.31,-0.0,-0.0,2524.82,3997.44,0.0,0.1205,31.4,31.5_8.5,31.5,8.5
optimal,4.3256,581.79,-0.0,-0.0,6.28,-0.0,-0.0,0.0,0.0,55000.0,1000.0,100.0,-0.0,-0.0,645.31,-0.0,-0.0,3680.3,4325.61,0.0,0.1128,0.0,32.5_-7.5,32.5,-7.5
optimal,4.3256,581.79,-0.0,-0.0,6.28,-0.0,-0.0,0.0,0.0,55000.0,1000.0,100.0,-0.0,-0.0,645.31,-0.0,-0.0,3680.3,4325.61,0.0,0.1141,0.0,32.5_-6.5,32.5,-6.5
optimal,4.3256,581.79,-0.0,-0.0,6.28,-0.0,-0.0,0.0,0.0,55000.0,1000.0,100.0,-0.0,-0.0,645.31,-0.0,-0.0,3680.3,4325.61,0.0,0.1235,0.0,32.5_-5.5,32.5,-5.5
optimal,4.3256,581.79,-0.0,-0.0,6.28,-0.0,-0.0,0.0,0.0,55000.0,1000.0,100.0,-0.0,-0.0,645.31,-0.0,-0.0,3680.3,4325.61,0.0,0.126,0.0,32.5_-4.5,32.5,-4.5
optimal,4.3256,581.79,-0.0,-0.0,6.28,-0.0,-0.0,0.0,0.0,55000.0,1000.0,100.0,-0.0,-0.0,645.31,-0.0,-0.0,3680.3,4325.61,0.0,0.1244,0.0,32.5_-3.5,32.5,-3.5
optimal,4.3137,580.19,-0.0,6.28,6.28,-0.0,-0.0,0.0,11911.71,43088.29,1000.0,100.0,-0.0,785.11,645.31,-0.0,-0.0,2883.23,4313.65,0.0,0.1256,21.66,32.5_-2.5,32.5,-2.5
optimal,4.3256,581.79,-0.0,-0.0,6.28,-0.0,-0.0,0.0,0.0,55000.0,1000.0,100.0,-0.0,-0.0,645.31,-0.0,-0.0,3680.3,4325.61,0.0,0.1237,0.0,32.5_-1.5,32.5,-1.5
optimal,4.3256,581.79,-0.0,-0.0,6.28,-0.0,-0.0,0.0,0.0,55000.0,1000.0,100.0,-0.0,-0.0,645.31,-0.0,-0.0,3680.3,4325.61,0.0,0.1233,0.0,32.5_-0.5,32.5,-0.5
optimal,4.159,559.39,-0.0,6.61,6.28,-0.0,-0.0,0.0,14843.03,40156.97,1000.0,100.0,-0.0,826.62,645.31,-0.0,-0.0,2687.08,4159.01,0.0,0.1234,26.99,32.5_0.5,32.5,0.5
optimal,4.0443,543.95,-0.0,7.06,6.28,-0.0,-0.0,0.0,17406.81,37593.19,1000.0,100.0,-0.0,883.42,645.31,-0.0,-0.0,2515.53,4044.26,0.0,0.124,31.65,32.5_1.5,32.5,1.5
optimal,4.0592,545.97,-0.0,6.88,6.28,-0.0,-0.0,0.0,16835.77,38164.23,1000.0,100.0,-0.0,860.17,645.31,-0.0,-0.0,2553.74,4059.22,0.0,0.1249,30.61,32.5_2.5,32.5,2.5
optimal,3.9547,531.91,-0.0,7.27,6.28,-0.0,-0.0,0.0,19134.23,35865.77,1000.0,100.0,-0.0,909.44,645.31,-0.0,-0.0,2399.94,3954.7,0.0,0.1266,34.79,32.5_3.5,32.5,3.5
optimal,4.0624,546.4,-0.0,6.81,6.28,-0.0,-0.0,0.0,16664.33,38335.67,1000.0,100.0,-0.0,851.91,645.31,-0.0,-0.0,2565.21,4062.44,0.0,0.1253,30.3,32.5_4.5,32.5,4.5
optimal,4.138,556.56,-0.0,6.64,6.28,-0.0,-0.0,0.0,15205.03,39794.97,1000.0,100.0,-0.0,829.81,645.31,-0.0,-0.0,2662.86,4137.98,0.0,0.1248,27.65,32.5_5.5,32.5,5.5
optimal,3.9892,536.55,-0.0,6.8,6.28,-0.0,-0.0,0.0,17734.17,37265.83,1000.0,100.0,-0.0,850.28,645.31,-0.0,-0.0,2493.62,3989.22,0.0,0.1234,32.24,32.5_6.5,32.5,6.5
optimal,3.9838,535.82,-0.0,6.82,6.28,-0.0,-0.0,0.0,17855.47,37144.53,1000.0,100.0,-0.0,852.98,645.31,-0.0,-0.0,2485.51,3983.8,0.0,0.1211,32.46,32.5_7.5,32.5,7.5
optimal,3.9464,530.79,-0.0,6.91,6.28,-0.0,-0.0,0.0,18587.64,36412.36,1000.0,100.0,-0.0,864.58,645.31,-0.0,-0.0,2436.51,3946.41,0.0,0.1203,33.8,32.5_8.5,32.5,8.5
optimal,4.3256,581.79,-0.0,-0.0,6.28,-0.0,-0.0,0.0,0.0,55000.0,1000.0,100.0,-0.0,-0.0,645.31,-0.0,-0.0,3680.3,4325.61,0.0,0.1085,0.0,33.5_-6.5,33.5,-6.5
optimal,4.3256,581.79,-0.0,-0.0,6.28,-0.0,-0.0,0.0,0.0,55000.0,1000.0,100.0,-0.0,-0.0,645.31,-0.0,-0.0,3680.3,4325.61,0.0,0.1124,0.0,33.5_-5.5,33.5,-5.5
optimal,4.3256,581.79,-0.0,-0.0,6.28,-0.0,-0.0,0.0,0.0,55000.0,1000.0,100.0,-0.0,-0.0,645.31,-0.0,-0.0,3680.3,4325.61,0.0,0.12,0.0,33.5_-4.5,33.5,-4.5
optimal,4.3256,581.79,-0.0,-0.0,6.28,-0.0,-0.0,0.0,0.0,55000.0,1000.0,100.0,-0.0,-0.0,645.31,-0.0,-0.0,3680.3,4325.61,0.0,0.1206,0.0,33.5_-3.5,33.5,-3.5
optimal,4.2004,564.95,-0.0,6.28,6.28,-0.0,-0.0,0.0,13604.8,41395.2,1000.0,100.0,-0.0,785.11,645.31,-0.0,-0.0,2769.94,4200.36,0.0,0.1208,24.74,33.5_-2.5,33.5,-2.5
optimal,4.0668,546.99,-0.0,6.38,6.28,-0.0,-0.0,0.0,15793.61,39206.39,1000.0,100.0,-0.0,798.02,645.31,-0.0,-0.0,2623.48,4066.8,0.0,0.12,28.72,33.5_-1.5,33.5,-1.5
optimal,4.1752,561.56,-0.0,6.36,6.28,-0.0,-0.0,0.0,14136.58,40863.42,1000.0,100.0,-0.0,795.52,645.31,-0.0,-0.0,2734.36,4175.18,0.0,0.1199,25.7,33.5_-0.5,33.5,-0.5
optimal,3.8859,522.65,-0.0,7.17,6.28,-0.0,-0.0,0.0,19971.06,35028.94,1000.0,100.0,-0.0,896.62,645.31,-0.0,-0.0,2343.94,3885.88,0.0,0.1225,36.31,33.5_0.5,33.5,0.5
optimal,4.1056,552.21,-0.0,6.59,6.28,-0.0,-0.0,0.0,15603.95,39396.05,1000.0,100.0,-0.0,824.13,645.31,-0.0,-0.0,2636.17,4105.61,0.0,0.1233,28.37,33.5_1.5,33.5,1.5
optimal,4.097,551.04,-0.0,6.86,6.28,-0.0,-0.0,0.0,16244.14,38755.86,1000.0,100.0,-0.0,858.33,645.31,-0.0,-0.0,2593.33,4096.98,0.0,0.1239,29.53,33.5_2.5,33.5,2.5
optimal,3.9262,528.08,-0.0,7.35,6.28,-0.0,-0.0,0.0,19704.74,35295.26,1000.0,100.0,-0.0,919.14,645.31,-0.0,-0.0,2361.76,3926.22,0.0,0.1259,35.83,33.5_3.5,33.5,3.5
optimal,3.988,536.39,-0.0,7.03,6.28,-0.0,-0.0,0.0,18178.61,36821.39,1000.0,100.0,-0.0,878.82,645.31,-0.0,-0.0,2463.88,3988.02,0.0,0.1256,33.05,33.5_4.5,33.5,4.5
optimal,4.0998,551.42,-0.0,6.49,6.28,-0.0,-0.0,0.0,15509.79,39490.21,1000.0,100.0,-0.0,812.01,645.31,-0.0,-0.0,2642.47,4099.79,0.0,0.1236,28.2,33.5_5.5,33.5,5.5
optimal,4.0156,540.1,-0.0,6.57,6.28,-0.0,-0.0,0.0,16915.41,38084.59,1000.0,100.0,-0.0,821.89,645.31,-0.0,-0.0,2548.41,4015.61,0.0,0.1219,30.76,33.5_6.5,33.5,6.5
optimal,4.0209,540.81,-0.0,6.43,6.28,-0.0,-0.0,0.0,16571.71,38428.29,1000.0,100.0,-0.0,804.16,645.31,-0.0,-0.0,2571.41,4020.88,0.0,0.12,30.13,33.5_7.5,33.5,7.5
optimal,4.0432,543.81,-0.0,6.45,6.28,-0.0,-0.0,0.0,16278.78,38721.22,1000.0,100.0,-0.0,806.89,645.31,-0.0,-0.0,2591.01,4043.22,0.0,0.116,29.6,33.5_8.5,33.5,8.5
optimal,4.3256,581.79,-0.0,-0.0,6.28,-0.0,-0.0,0.0,0.0,55000.0,1000.0,100.0,-0.0,-0.0,645.31,-0.0,-0.0,3680.3,4325.61,0.0,0.1021,0.0,34.5_-5.5,34.5,-5.5
optimal,4.3256,581.79,-0.0,-0.0,6.28,-0.0,-0.0,0.0,0.0,55000.0,1000.0,100.0,-0.0,-0.0,645.31,-0.0,-0.0,3680.3,4325.61,0.0,0.1089,0.0,34.5_-4.5,34.5,-4.5
optimal,4.3256,581.79,-0.0,-0.0,6.28,-0.0,-0.0,0.0,0.0,55000.0,1000.0,100.0,-0.0,-0.0,645.31,-0.0,-0.0,3680.3,4325.61,0.0,0.1135,0.0,34.5_-3.5,34.5,-3.5
optimal,4.3256,581.79,-0.0,-0.0,6.28,-0.0,-0.0,0.0,0.0,55000.0,1000.0,100.0,-0.0,-0.0,645.31,-0.0,-0.0,3680.3,4325.61,0.0,0.1132,0.0,34.5_-2.5,34.5,-2.5
optimal,4.3256,581.79,-0.0,-0.0,6.28,-0.0,-0.0,0.0,0.0,55000.0,1000.0,100.0,-0.0,-0.0,645.31,-0.0,-0.0,3680.3,4325.61,0.0,0.1143,0.0,34.5_-1.5,34.5,-1.5
optimal,4.3256,581.79,-0.0,-0.0,6.28,-0.0,-0.0,0.0,0.0,55000.0,1000.0,100.0,-0.0,-0.0,645.31,-0.0,-0.0,3680.3,4325.61,0.0,0.1133,0.0,34.5_-0.5,34.5,-0.5
optimal,4.2041,565.46,-0.0,6.33,6.28,-0.0,-0.0,0.0,13636.88,41363.12,1000.0,100.0,-0.0,791.04,645.31,-0.0,-0.0,2767.79,4204.15,0.0,0.1129,24.79,34.5_0.5,34.5,0.5
optimal,4.1754,561.59,-0.0,6.45,6.28,-0.0,-0.0,0.0,14293.24,40706.76,1000.0,100.0,-0.0,806.19,645.31,-0.0,-0.0,2723.87,4175.37,0.0,0.1162,25.99,34.5_1.5,34.5,1.5
optimal,4.2349,569.6,-0.0,6.46,6.28,-0.0,-0.0,0.0,13430.86,41569.14,1000.0,100.0,-0.0,808.02,645.31,-0.0,-0.0,2781.58,4234.91,0.0,0.117,24.42,34.5_2.5,34.5,2.5
optimal,4.1036,551.93,-0.0,6.45,6.28,-0.0,-0.0,0.0,15374.79,39625.21,1000.0,100.0,-0.0,806.77,645.31,-0.0,-0.0,2651.5,4103.59,0.0,0.12,27.95,34.5_3.5,34.5,3.5
optimal,4.3256,581.79,-0.0,-0.0,6.28,-0.0,-0.0,0.0,0.0,55000.0,1000.0,100.0,-0.0,-0.0,645.31,-0.0,-0.0,3680.3,4325.61,0.0,0.1208,0.0,34.5_4.5,34.5,4.5
optimal,4.3145,580.3,-0.0,6.28,6.28,-0.0,-0.0,0.0,11899.4,43100.6,1000.0,100.0,-0.0,785.11,645.31,-0.0,-0.0,2884.06,4314.48,0.0,0.1202,21.64,34.5_5.5,34.5,5.5
optimal,4.3256,581.79,-0.0,-0.0,6.28,-0.0,-0.0,0.0,0.0,55000.0,1000.0,100.0,-0.0,-0.0,645.31,-0.0,-0.0,3680.3,4325.61,0.0,0.1175,0.0,34.5_6.5,34.5,6.5
optimal,4.3256,581.79,-0.0,-0.0,6.28,-0.0,-0.0,0.0,0.0,55000.0,1000.0,100.0,-0.0,-0.0,645.31,-0.0,-0.0,3680.3,4325.61,0.0,0.1193,0.0,34.5_7.5,34.5,7.5
optimal,4.3256,581.79,-0.0,-0.0,6.28,-0.0,-0.0,0.0,0.0,55000.0,1000.0,100.0,-0.0,-0.0,645.31,-0.0,-0.0,3680.3,4325.61,0.0,0.1172,0.0,34.5_8.5,34.5,8.5
optimal,3.929,528.45,-0.0,6.29,6.28,-0.0,-0.0,0.0,17690.11,37309.89,1000.0,100.0,-0.0,787.14,645.31,-0.0,-0.0,2496.57,3929.02,0.0,0.109,32.16,35.5_-2.5,35.5,-2.5
optimal,4.2036,565.39,-0.0,6.28,6.28,-0.0,-0.0,0.0,13555.81,41444.19,1000.0,100.0,-0.0,785.11,645.31,-0.0,-0.0,2773.22,4203.64,0.0,0.1084,24.65,35.5_-1.5,35.5,-1.5
optimal,4.3256,581.79,-0.0,-0.0,6.28,-0.0,-0.0,0.0,0.0,55000.0,1000.0,100.0,-0.0,-0.0,645.31,-0.0,-0.0,3680.3,4325.61,0.0,0.1062,0.0,35.5_-0.5,35.5,-0.5
optimal,4.3256,581.79,-0.0,-0.0,6.28,-0.0,-0.0,0.0,0.0,55000.0,1000.0,100.0,-0.0,-0.0,645.31,-0.0,-0.0,3680.3,4325.61,0.0,0.1049,0.0,35.5_0.5,35.5,0.5
optimal,4.3256,581.79,-0.0,-0.0,6.28,-0.0,-0.0,0.0,0.0,55000.0,1000.0,100.0,-0.0,-0.0,645.31,-0.0,-0.0,3680.3,4325.61,0.0,0.1073,0.0,35.5_1.5,35.5,1.5
optimal,4.3256,581.79,-0.0,-0.0,6.28,-0.0,-0.0,0.0,0.0,55000.0,1000.0,100.0,-0.0,-0.0,645.31,-0.0,-0.0,3680.3,4325.61,0.0,0.1119,0.0,35.5_2.5,35.5,2.5
optimal,4.3256,581.79,-0.0,-0.0,6.28,-0.0,-0.0,0.0,0.0,55000.0,1000.0,100.0,-0.0,-0.0,645.31,-0.0,-0.0,3680.3,4325.61,0.0,0.1129,0.0,35.5_3.5,35.5,3.5
optimal,4.3256,581.79,-0.0,-0.0,6.28,-0.0,-0.0,0.0,0.0,55000.0,1000.0,100.0,-0.0,-0.0,645.31,-0.0,-0.0,3680.3,4325.61,0.0,0.1145,0.0,35.5_4.5,35.5,4.5
optimal,4.3256,581.79,-0.0,-0.0,6.28,-0.0,-0.0,0.0,0.0,55000.0,1000.0,100.0,-0.0,-0.0,645.31,-0.0,-0.0,3680.3,4325.61,0.0,0.1172,0.0,35.5_5.5,35.5,5.5
optimal,4.3256,581.79,-0.0,-0.0,6.28,-0.0,-0.0,0.0,0.0,55000.0,1000.0,100.0,-0.0,-0.0,645.31,-0.0,-0.0,3680.3,4325.61,0.0,0.112,0.0,35.5_6.5,35.5,6.5
optimal,4.3256,581.79,-0.0,-0.0,6.28,-0.0,-0.0,0.0,0.0,55000.0,1000.0,100.0,-0.0,-0.0,645.31,-0.0,-0.0,3680.3,4325.61,0.0,0.1082,0.0,35.5_7.5,35.5,7.5
optimal,4.3256,581.79,-0.0,-0.0,6.28,-0.0,-0.0,0.0,0.0,55000.0,1000.0,100.0,-0.0,-0.0,645.31,-0.0,-0.0,3680.3,4325.61,0.0,0.1068,0.0,36.5_2.5,36.5,2.5
optimal,4.3256,581.79,-0.0,-0.0,6.28,-0.0,-0.0,0.0,0.0,55000.0,1000.0,100.0,-0.0,-0.0,645.31,-0.0,-0.0,3680.3,4325.61,0.0,0.1073,0.0,36.5_3.5,36.5,3.5
optimal,4.3256,581.79,-0.0,-0.0,6.28,-0.0,-0.0,0.0,0.0,55000.0,1000.0,100.0,-0.0,-0.0,645.31,-0.0,-0.0,3680.3,4325.61,0.0,0.1005,0.0,36.5_7.5,36.5,7.5
